Title,Source,Event time,Location,Author
"Tech Summit 2024","Tech Daily","2024-05-12 09:00:00","San Francisco, CA","Alex Rivera"
"Quarterly Earnings Report","Financial Times","2023-11-04 14:30:00","London, UK","Sarah Jenkins"
"New Mars Rover Launch","Science Journal","2024-07-20 11:15:00","Cape Canaveral, FL","Dr. Mark Watney"
"City Council Meeting","Local Gazette","2023-10-15 18:00:00","Springfield, IL","Jane Doe"
"Championship Finals","Sports Network","2024-06-01 20:00:00","New York, NY","John Smith"
"AI Revolution Keynote","Wired","2024-09-10 10:00:00","Seattle, WA","Emily Chen"
"Renewable Energy Panel","Green Earth","2023-12-05 13:45:00","Berlin, Germany","Hans Muller"
"Startup Pitch Competition","Venture Beat","2024-03-22 09:30:00","Austin, TX","David Kim"
"Modern Art Exhibition","Culture Magazine","2024-01-18 19:00:00","Paris, France","Marie Claire"
"Global Health Symposium","Medical News Today","2023-09-30 08:00:00","Geneva, Switzerland","Dr. Anna Lee"
"Cybersecurity Workshop","Infosec Weekly","2024-02-14 10:00:00","Virtual","Michael Chang"
"Real Estate Market Trends","Property Times","2023-08-21 15:30:00","Toronto, ON","Laura Croft"
"Climate Change Protest","Activist Now","2024-04-22 12:00:00","Washington, D.C.","Ben O'Connor"
"Local Marathon","Fitness Tracker","2023-10-10 07:00:00","Boston, MA","Sam Wilson"
"Indie Film Festival","Cinema World","2024-01-05 19:30:00","Park City, UT","Chris Nolan"
"Supply Chain Conference","Logistics Today","2023-11-12 09:00:00","Chicago, IL","Amanda Price"
"Blockchain Summit","Crypto News","2024-08-15 11:00:00","Miami, FL","Satoshi N."
"Oceanic Exploration Report","Deep Sea Dive","2023-07-08 14:00:00","Honolulu, HI","Capt. Nemo"
"Education Policy Debate","School Board","2024-03-05 18:00:00","Atlanta, GA","Principal Skinner"
"Gourmet Food Expo","Culinary Arts","2023-09-15 10:00:00","Lyon, France","Chef Gusteau"
"Automotive Show","Car and Driver","2024-02-28 09:00:00","Detroit, MI","Henry F."
"Astronomy Night","Star Gazers","2023-11-20 21:00:00","Flagstaff, AZ","Carl S."
"E-commerce Strategy Session","Retail Dive","2024-05-10 13:00:00","Virtual","Jeff B."
"Wildlife Conservation Gala","WWF","2023-10-05 19:00:00","Nairobi, Kenya","Jane Goodall"
"Yoga Retreat","Mindful Living","2024-06-12 08:00:00","Bali, Indonesia","B.K.S. Iyengar"
"Urban Planning Seminar","City Builders","2023-08-30 10:30:00","Vancouver, BC","Jane Jacobs"
"Jazz Festival","Music Times","2024-07-04 17:00:00","New Orleans, LA","Louis A."
"Space Tourism Forum","Aero Weekly","2023-12-01 09:00:00","Houston, TX","Elon M."
"Vintage Car Auction","Auto Collector","2024-04-18 11:00:00","Scottsdale, AZ","Richard R."
"Literary Awards Dinner","Book Review","2023-11-15 20:00:00","London, UK","Virginia W."
"Robotics Competition","Tech Ed","2024-05-20 09:00:00","Tokyo, Japan","Hiroshi I."
"Stock Market Opening","Wall Street Journal","2023-10-02 09:30:00","New York, NY","Gordon G."
"Archaeological Dig Update","History Channel","2024-03-14 14:00:00","Cairo, Egypt","Howard C."
"Winter Olympics Opening","Sports Illustrated","2026-02-06 18:00:00","Milano, Italy","Pierre C."
"Quantum Computing Lecture","MIT Press","2023-09-12 11:00:00","Cambridge, MA","Richard F."
"Fashion Week Showcase","Vogue","2024-09-15 19:00:00","Milan, Italy","Anna W."
"International Trade Summit","Global Econ","2023-11-18 10:00:00","Shanghai, China","Jack M."
"Local Farmers Market","Community Board","2024-04-06 08:00:00","Portland, OR","Tom Farmer"
"Gaming Convention","IGN","2023-08-25 09:00:00","Los Angeles, CA","Shigeru M."
"Public Transit Expansion","City Hall News","2024-01-22 15:00:00","Denver, CO","Mayor Hancock"
"Marine Biology Conference","Ocean Conservancy","2023-10-18 09:00:00","Sydney, Australia","Sylvia E."
"Stand-up Comedy Night","Laugh Factory","2024-05-03 21:00:00","Chicago, IL","George C."
"Agriculture Technology Expo","Farm Journal","2023-09-08 10:00:00","Des Moines, IA","Norman B."
"Virtual Reality Demo","Tech Radar","2024-11-11 13:00:00","Virtual","Palmer L."
"Historic Monument Restoration","Heritage Foundation","2023-12-10 11:00:00","Rome, Italy","Julius C."
"Fintech Innovation Awards","Bankers Weekly","2024-04-20 18:30:00","Singapore","Changpeng Z."
"Coffee Brewers Championship","Roast Magazine","2023-10-25 09:00:00","Seattle, WA","Howard S."
"Medical Research Breakthrough","The Lancet","2024-06-30 12:00:00","Oxford, UK","Alexander F."
"Indie Game Jam","Gamasutra","2023-11-25 18:00:00","Virtual","Gabe N."
"Marathon Training Clinic","Runner's World","2024-02-10 07:30:00","Boulder, CO","Eliud K."
"Symphony Orchestra Premiere","Classical FM","2023-12-15 20:00:00","Vienna, Austria","Wolfgang M."
"Meteor Shower Viewing","Sky & Telescope","2024-08-12 23:00:00","Joshua Tree, CA","Neil D. T."
"Start-up Funding Round","Crunchbase","2023-09-05 10:00:00","Palo Alto, CA","Marc A."
"Yoga Teacher Training","Yoga Journal","2024-07-01 06:00:00","Rishikesh, India","Pattabhi J."
"Modern Dance Performance","Dance Magazine","2023-11-08 19:30:00","New York, NY","Martha G."
"Software Engineering Meetup","DevTo","2024-03-12 18:00:00","Berlin, Germany","Linus T."
"Photography Workshop","Nat Geo","2023-10-20 08:00:00","Reykjavik, Iceland","Ansel A."
"Baking Competition Finals","Food Network","2024-05-18 14:00:00","London, UK","Paul H."
"Philanthropy Gala","Forbes","2023-12-08 19:00:00","New York, NY","Bill G."
"Alternative Medicine Fair","Holistic Health","2024-04-15 10:00:00","Sedona, AZ","Deepak C."
"AI Ethics Panel","Tech Ethics Review","2023-11-30 13:00:00","Virtual","Timnit G."
"Surfing Championship","Surfline","2024-12-05 08:00:00","Oahu, HI","Kelly S."
"Comic Book Convention","Comic-Con","2023-07-20 09:00:00","San Diego, CA","Stan L."
"Winery Tasting Event","Wine Spectator","2024-09-25 15:00:00","Napa Valley, CA","Robert M."
"Geological Survey Update","USGS","2023-10-12 11:00:00","Yellowstone, WY","Charles L."
"E-sports Tournament","Twitch News","2024-10-15 10:00:00","Seoul, South Korea","Faker"
"Jazz Club Opening","DownBeat","2023-12-20 21:00:00","New York, NY","Miles D."
"Microbiology Seminar","Science Daily","2024-02-05 14:00:00","Boston, MA","Louis P."
"Marathon Route Planning","City Sports Dept","2023-09-18 10:00:00","London, UK","Seb C."
"Aviation History Exhibit","Smithsonian","2024-04-10 09:00:00","Washington, D.C.","Amelia E."
"Blockchain Developer Camp","Web3 Weekly","2023-11-05 10:00:00","Lisbon, Portugal","Vitalik B."
"Pottery Throwdown","Crafts Today","2024-05-25 13:00:00","Stoke-on-Trent, UK","Keith B."
"Renewable Energy Legislation","Politico","2023-10-08 15:00:00","Washington, D.C.","Al G."
"Formula 1 Grand Prix","Motorsport","2024-05-26 14:00:00","Monaco","Lewis H."
"Botany Field Trip","Plant Life","2023-09-22 08:00:00","Kew Gardens, UK","Joseph B."
"Poetry Slam Final","Literary Hub","2024-03-20 20:00:00","Chicago, IL","Amanda G."
"Digital Marketing Masterclass","Marketing Week","2023-11-14 11:00:00","Virtual","Gary V."
"Space Telescope Deployment","NASA Update","2024-11-30 07:00:00","Low Earth Orbit","James W."
"Antique Furniture Show","Antiques Roadshow","2023-10-28 10:00:00","Philadelphia, PA","Fiona B."
"Human Rights Convention","Amnesty Int.","2024-12-10 09:00:00","Geneva, Switzerland","Malala Y."
"Snowboarding Championship","X Games","2023-01-25 10:00:00","Aspen, CO","Shaun W."
"Classical Ballet Premiere","Dance Times","2024-02-14 19:30:00","St. Petersburg, Russia","Anna P."
"Cloud Computing Keynote","AWS Blog","2023-11-28 09:00:00","Las Vegas, NV","Andy J."
"Street Art Festival","Juxtapoz","2024-06-20 12:00:00","Bristol, UK","Banksy"
"Mountain Biking Race","Red Bull TV","2023-09-02 08:00:00","Whistler, BC","Rachel A."
"Film Directing Workshop","Variety","2024-04-05 10:00:00","Los Angeles, CA","Steven S."
"Nutrition Science Panel","Healthline","2023-10-30 14:00:00","Virtual","Marion N."
"Chess World Championship","Chess.com","2024-11-15 15:00:00","Dubai, UAE","Magnus C."
"Architecture Biennial","ArchDaily","2023-09-20 10:00:00","Venice, Italy","Zaha H."
"Rock Climbing Competition","Climbing Mag","2024-08-05 09:00:00","Yosemite, CA","Alex H."
"Biotechnology Startup Launch","BioSpace","2023-12-05 11:00:00","San Diego, CA","Rosalind F."
"Opera Season Opening","Opera News","2024-10-01 20:00:00","Milan, Italy","Luciano P."
"Sailing Regatta","Yachting Monthly","2023-08-15 10:00:00","Cowes, UK","Ben A."
"Language Learning Summit","Duolingo Blog","2024-05-15 09:00:00","Virtual","Luis V."
"Martial Arts Tournament","Black Belt Mag","2023-11-10 18:00:00","Okinawa, Japan","Bruce L."
"Astrophysics Symposium","Nature","2024-07-10 09:30:00","Princeton, NJ","Stephen H."
"Craft Beer Festival","Beer Advocate","2023-09-28 12:00:00","Munich, Germany","Arthur G."
"Electric Vehicle Launch","Auto Blog","2024-03-01 10:00:00","Frankfurt, Germany","Mary B."
"Fossil Discovery Press Conference","Paleo World","2023-10-09 11:00:00","Drumheller, AB","Mary A."
"International Peace Summit","UN News","2024-09-21 09:00:00","New York, NY","Kofi A."
